Date ,series ,OPEN ,HIGH ,LOW ,PREV. CLOSE ,ltp ,close ,vwap ,52W H ,52W L ,VOLUME ,VALUE ,No of trades 
06-Dec-24,EQ,"1,643.90","1,643.90","1,608.00","1,622.80","1,614.00","1,611.35","1,618.08","2,095.00","1,388.00","81,145","13,12,99,039.60","8,480"
05-Dec-24,EQ,"1,633.00","1,643.60","1,617.00","1,626.60","1,619.20","1,622.80","1,626.47","2,095.00","1,388.00","54,493","8,86,31,319.90","8,343"
04-Dec-24,EQ,"1,609.35","1,637.00","1,602.60","1,609.35","1,628.20","1,626.60","1,621.77","2,095.00","1,388.00","73,077","11,85,13,784.15","10,347"
03-Dec-24,EQ,"1,565.05","1,619.00","1,561.60","1,575.55","1,601.00","1,609.35","1,603.12","2,095.00","1,388.00","80,097","12,84,05,460.35","11,354"
02-Dec-24,EQ,"1,584.00","1,584.00","1,545.60","1,568.20","1,574.00","1,575.55","1,569.16","2,095.00","1,388.00","62,828","9,85,87,278.50","8,750"
29-Nov-24,EQ,"1,554.00","1,580.00","1,540.00","1,545.45","1,570.00","1,568.20","1,562.32","2,095.00","1,388.00","82,777","12,93,23,839.95","11,940"
28-Nov-24,EQ,"1,547.25","1,572.85","1,527.40","1,536.70","1,548.95","1,545.45","1,553.76","2,095.00","1,388.00","76,836","11,93,84,614.10","11,514"
27-Nov-24,EQ,"1,503.45","1,543.25","1,479.00","1,488.55","1,538.00","1,536.70","1,519.17","2,095.00","1,388.00","91,618","13,91,83,105.25","12,088"
26-Nov-24,EQ,"1,477.55","1,498.95","1,471.45","1,477.55","1,484.00","1,488.55","1,486.95","2,095.00","1,388.00","69,692","10,36,28,828.55","11,385"
25-Nov-24,EQ,"1,446.90","1,487.95","1,440.05","1,418.65","1,475.00","1,477.55","1,463.84","2,095.00","1,388.00","88,306","12,92,65,608.50","15,129"
22-Nov-24,EQ,"1,404.00","1,426.30","1,391.50","1,398.00","1,420.00","1,418.65","1,413.96","2,095.00","1,388.00","86,172","12,18,43,944.00","11,712"
21-Nov-24,EQ,"1,422.25","1,427.65","1,388.00","1,442.00","1,395.00","1,398.00","1,400.76","2,095.00","1,388.00","1,39,130","19,48,87,899.50","18,421"
19-Nov-24,EQ,"1,470.00","1,509.00","1,425.00","1,454.85","1,430.25","1,442.00","1,468.62","2,095.00","1,425.00","1,11,298","16,34,54,865.25","14,485"
18-Nov-24,EQ,"1,480.00","1,493.80","1,437.15","1,454.05","1,455.00","1,454.85","1,457.81","2,095.00","1,437.15","79,920","11,65,07,968.85","12,702"
14-Nov-24,EQ,"1,473.95","1,490.20","1,450.00","1,468.30","1,456.00","1,454.05","1,466.01","2,095.00","1,450.00","82,643","12,11,55,608.50","11,302"
13-Nov-24,EQ,"1,512.50","1,513.60","1,464.00","1,530.50","1,469.00","1,468.30","1,484.98","2,095.00","1,456.85","1,03,784","15,41,17,302.90","15,410"
12-Nov-24,EQ,"1,549.15","1,560.00","1,456.85","1,549.15","1,511.10","1,530.50","1,496.73","2,095.00","1,456.85","4,73,666","70,89,48,479.50","34,429"
11-Nov-24,EQ,"1,567.55","1,573.60","1,540.00","1,567.55","1,546.00","1,549.15","1,552.87","2,095.00","1,470.00","77,179","11,98,48,924.70","9,619"
08-Nov-24,EQ,"1,630.00","1,630.00","1,557.00","1,612.00","1,565.00","1,567.55","1,585.21","2,095.00","1,470.00","74,447","11,80,13,874.20","10,604"
07-Nov-24,EQ,"1,647.10","1,647.10","1,605.00","1,631.15","1,608.00","1,612.00","1,626.50","2,095.00","1,470.00","50,067","8,14,34,084.80","6,474"
06-Nov-24,EQ,"1,602.85","1,638.05","1,593.05","1,591.35","1,635.00","1,631.15","1,621.42","2,095.00","1,470.00","80,772","13,09,65,557.70","10,582"
05-Nov-24,EQ,"1,589.95","1,605.95","1,574.95","1,590.65","1,593.95","1,591.35","1,590.89","2,095.00","1,470.00","52,700","8,38,39,647.60","8,853"
04-Nov-24,EQ,"1,630.10","1,635.15","1,575.80","1,631.10","1,585.00","1,590.65","1,592.64","2,095.00","1,470.00","69,880","11,12,93,587.10","9,902"
01-Nov-24,EQ,"1,624.45","1,644.00","1,620.00","1,617.50","1,628.40","1,631.10","1,632.48","2,095.00","1,470.00","26,373","4,30,53,280.15","4,266"
31-Oct-24,EQ,"1,584.15","1,626.50","1,548.00","1,585.15","1,614.00","1,617.50","1,585.72","2,095.00","1,470.00","1,31,637","20,87,38,858.60","17,359"
30-Oct-24,EQ,"1,560.00","1,616.00","1,541.35","1,516.15","1,580.00","1,585.15","1,593.72","2,095.00","1,470.00","5,60,575","89,33,97,831.15","53,110"
29-Oct-24,EQ,"1,520.30","1,547.45","1,502.00","1,506.65","1,516.00","1,516.15","1,518.16","2,095.00","1,470.00","1,31,987","20,03,77,415.40","17,494"
28-Oct-24,EQ,"1,570.00","1,590.00","1,470.00","1,571.20","1,508.80","1,506.65","1,526.04","2,095.00","1,470.00","5,82,486","88,88,98,718.65","76,365"
25-Oct-24,EQ,"1,634.40","1,641.80","1,556.30","1,629.40","1,585.00","1,571.20","1,582.35","2,095.00","1,556.30","1,39,283","22,03,94,931.20","19,585"
24-Oct-24,EQ,"1,664.00","1,667.95","1,621.25","1,654.65","1,635.00","1,629.40","1,642.00","2,095.00","1,621.25","80,427","13,20,61,260.05","10,743"
23-Oct-24,EQ,"1,685.00","1,697.80","1,640.35","1,674.35","1,650.00","1,654.65","1,664.84","2,095.00","1,640.35","1,22,764","20,43,82,220.55","16,353"
22-Oct-24,EQ,"1,754.00","1,754.35","1,668.30","1,745.60","1,684.00","1,674.35","1,694.49","2,095.00","1,668.30","1,32,006","22,36,82,252.40","15,543"
21-Oct-24,EQ,"1,752.10","1,784.70","1,740.00","1,710.50","1,744.60","1,745.60","1,757.53","2,095.00","1,675.10","2,03,369","35,74,27,554.65","23,266"
18-Oct-24,EQ,"1,696.00","1,724.55","1,675.10","1,704.90","1,715.00","1,710.50","1,700.05","2,095.00","1,675.10","1,06,627","18,12,71,253.05","12,768"
17-Oct-24,EQ,"1,749.00","1,749.90","1,700.00","1,747.20","1,705.00","1,704.90","1,720.13","2,095.00","1,695.60","71,863","12,36,13,612.60","10,735"
16-Oct-24,EQ,"1,769.05","1,785.00","1,740.00","1,773.95","1,744.00","1,747.20","1,763.15","2,095.00","1,695.60","62,423","11,00,61,053.75","6,909"
15-Oct-24,EQ,"1,780.00","1,794.95","1,765.85","1,783.80","1,770.05","1,773.95","1,778.33","2,158.00","1,695.60","53,266","9,47,24,592.60","7,060"
14-Oct-24,EQ,"1,783.00","1,789.95","1,760.05","1,774.55","1,784.00","1,783.80","1,777.77","2,158.00","1,695.60","74,513","13,24,66,963.80","7,682"
11-Oct-24,EQ,"1,761.20","1,800.00","1,744.40","1,757.35","1,773.00","1,774.55","1,777.94","2,158.00","1,695.60","1,07,398","19,09,47,104.30","9,959"
10-Oct-24,EQ,"1,770.05","1,780.00","1,740.10","1,770.05","1,760.30","1,757.35","1,765.94","2,158.00","1,695.60","78,572","13,87,53,318.65","8,688"
09-Oct-24,EQ,"1,768.00","1,790.00","1,741.50","1,742.40","1,770.00","1,770.05","1,765.47","2,158.00","1,695.60","1,22,812","21,68,21,312.15","14,200"
08-Oct-24,EQ,"1,708.40","1,750.00","1,695.60","1,709.15","1,743.05","1,742.40","1,724.22","2,158.00","1,695.60","1,02,182","17,61,84,491.45","12,071"
07-Oct-24,EQ,"1,780.80","1,810.60","1,697.50","1,780.80","1,714.40","1,709.15","1,732.99","2,158.00","1,697.50","1,46,606","25,40,66,769.95","20,283"
04-Oct-24,EQ,"1,793.20","1,810.95","1,761.00","1,797.20","1,780.55","1,780.80","1,789.36","2,158.00","1,761.00","90,449","16,18,46,206.10","12,553"
03-Oct-24,EQ,"1,832.00","1,832.00","1,790.00","1,833.70","1,798.00","1,797.20","1,806.97","2,158.00","1,790.00","1,06,693","19,27,91,272.25","12,411"
01-Oct-24,EQ,"1,805.40","1,859.00","1,791.60","1,798.70","1,833.50","1,833.70","1,834.15","2,158.00","1,791.15","2,71,335","49,76,69,680.05","25,307"
30-Sep-24,EQ,"1,811.05","1,824.40","1,791.15","1,813.35","1,794.90","1,798.70","1,804.63","2,158.00","1,791.15","94,297","17,01,71,359.30","10,583"
27-Sep-24,EQ,"1,827.95","1,834.20","1,806.05","1,819.80","1,815.00","1,813.35","1,819.49","2,159.40","1,798.25","1,29,218","23,51,10,508.85","17,773"
26-Sep-24,EQ,"1,860.65","1,874.60","1,811.90","1,843.95","1,818.00","1,819.80","1,833.79","2,229.70","1,798.25","1,73,521","31,82,01,752.30","18,218"
25-Sep-24,EQ,"1,867.00","1,867.00","1,827.40","1,857.25","1,846.10","1,843.95","1,841.25","2,246.20","1,798.25","1,11,513","20,53,23,243.20","13,280"
24-Sep-24,EQ,"1,872.00","1,886.85","1,839.10","1,870.30","1,857.00","1,857.25","1,858.94","2,311.00","1,798.25","1,68,086","31,24,61,326.60","14,437"
23-Sep-24,EQ,"1,934.00","1,937.80","1,858.00","1,894.10","1,872.00","1,870.30","1,879.17","2,338.75","1,798.25","2,54,822","47,88,53,172.00","20,558"
20-Sep-24,EQ,"1,957.55","1,965.75","1,885.00","1,952.65","1,898.90","1,894.10","1,914.53","2,338.75","1,798.25","3,01,192","57,66,41,997.65","27,348"
19-Sep-24,EQ,"1,987.00","1,987.00","1,921.40","1,969.55","1,967.85","1,952.65","1,952.19","2,338.75","1,798.25","1,23,777","24,16,36,801.45","13,957"
18-Sep-24,EQ,"1,996.90","2,017.00","1,960.50","1,982.40","1,980.20","1,969.55","1,985.59","2,338.75","1,798.25","1,71,138","33,98,09,845.15","16,483"
17-Sep-24,EQ,"2,029.95","2,065.00","1,977.95","2,025.70","1,983.00","1,982.40","2,028.12","2,338.75","1,798.25","3,54,891","71,97,60,544.50","27,970"
16-Sep-24,EQ,"2,055.00","2,063.00","2,014.00","2,046.65","2,018.00","2,025.70","2,035.89","2,338.75","1,798.25","1,75,720","35,77,46,381.55","15,471"
13-Sep-24,EQ,"2,020.00","2,095.00","2,016.00","1,994.45","2,049.00","2,046.65","2,050.85","2,338.75","1,798.25","6,44,987","1,32,27,73,205.40","40,687"
12-Sep-24,EQ,"1,949.90","2,093.70","1,945.60","1,926.15","1,988.00","1,994.45","2,017.85","2,338.75","1,798.25","14,46,736","2,91,92,94,887.50","90,132"
11-Sep-24,EQ,"1,935.95","1,970.00","1,904.05","1,930.40","1,917.00","1,926.15","1,941.06","2,338.75","1,798.25","4,20,687","81,65,80,791.10","29,956"
10-Sep-24,EQ,"1,902.00","1,938.50","1,901.05","1,902.05","1,932.00","1,930.40","1,920.63","2,338.75","1,798.25","55,223","10,60,63,094.30","6,366"
09-Sep-24,EQ,"1,904.05","1,928.00","1,878.05","1,906.20","1,895.90","1,902.05","1,901.56","2,338.75","1,798.25","78,291","14,88,74,728.45","9,803"
06-Sep-24,EQ,"1,945.00","1,959.15","1,901.55","1,942.65","1,903.05","1,906.20","1,922.67","2,338.75","1,798.25","93,445","17,96,63,550.45","10,233"
05-Sep-24,EQ,"1,921.50","1,988.00","1,921.50","1,919.90","1,943.00","1,942.65","1,956.18","2,338.75","1,798.25","1,66,560","32,58,21,209.05","15,882"
04-Sep-24,EQ,"1,900.00","1,943.00","1,885.65","1,905.55","1,923.00","1,919.90","1,926.12","2,338.75","1,798.25","1,36,102","26,21,49,295.50","14,910"
03-Sep-24,EQ,"1,899.00","1,955.35","1,889.65","1,889.50","1,900.00","1,905.55","1,915.96","2,338.75","1,798.25","1,08,477","20,78,37,640.55","11,102"
02-Sep-24,EQ,"1,924.00","1,929.00","1,881.00","1,916.40","1,894.80","1,889.50","1,897.85","2,338.75","1,798.25","80,038","15,18,99,795.05","9,487"
30-Aug-24,EQ,"1,937.00","1,946.85","1,901.00","1,918.30","1,916.45","1,916.40","1,922.00","2,338.75","1,798.25","1,18,278","22,73,29,975.00","12,253"
29-Aug-24,EQ,"1,960.00","1,967.90","1,901.00","1,953.35","1,923.50","1,918.30","1,934.63","2,338.75","1,798.25","95,346","18,44,59,625.50","10,767"
28-Aug-24,EQ,"1,910.40","2,012.00","1,907.90","1,899.00","1,953.00","1,953.35","1,964.15","2,338.75","1,798.25","6,20,719","1,21,91,86,315.30","46,823"
27-Aug-24,EQ,"1,895.15","1,913.05","1,876.05","1,892.45","1,912.00","1,899.00","1,894.55","2,338.75","1,798.25","71,984","13,63,77,429.35","9,255"
26-Aug-24,EQ,"1,924.00","1,944.00","1,882.50","1,908.20","1,895.25","1,892.45","1,903.84","2,338.75","1,798.25","60,245","11,46,96,890.75","7,398"
23-Aug-24,EQ,"1,928.10","1,935.50","1,901.95","1,927.75","1,907.80","1,908.20","1,913.40","2,338.75","1,798.25","56,091","10,73,24,592.45","6,648"
22-Aug-24,EQ,"1,925.00","1,960.00","1,913.10","1,919.05","1,925.00","1,927.75","1,940.32","2,338.75","1,798.25","80,965","15,70,98,200.90","8,889"
21-Aug-24,EQ,"1,935.45","1,935.45","1,909.95","1,925.10","1,925.00","1,919.05","1,920.44","2,338.75","1,798.25","55,168","10,59,47,093.75","7,140"
20-Aug-24,EQ,"1,950.00","1,957.95","1,919.15","1,938.45","1,927.40","1,925.10","1,931.24","2,338.75","1,798.25","45,357","8,75,95,057.45","6,602"
19-Aug-24,EQ,"1,924.80","1,969.00","1,903.05","1,909.35","1,933.20","1,938.45","1,944.78","2,338.75","1,798.25","1,25,906","24,48,59,823.00","15,630"
16-Aug-24,EQ,"1,915.00","1,931.95","1,894.15","1,899.10","1,913.00","1,909.35","1,909.90","2,338.75","1,798.25","80,515","15,37,75,685.65","12,721"
14-Aug-24,EQ,"1,915.00","1,923.00","1,861.25","1,903.45","1,892.00","1,899.10","1,889.70","2,338.75","1,798.25","1,29,951","24,55,68,874.00","16,778"
13-Aug-24,EQ,"1,853.00","1,998.00","1,841.80","1,840.20","1,905.00","1,903.45","1,942.11","2,338.75","1,798.25","10,89,078","2,11,51,10,728.10","82,665"
12-Aug-24,EQ,"1,803.00","1,869.95","1,803.00","1,845.35","1,848.50","1,840.20","1,833.66","2,338.75","1,798.25","1,39,197","25,52,39,420.05","18,257"
09-Aug-24,EQ,"1,882.05","1,883.00","1,820.00","1,844.95","1,843.90","1,845.35","1,849.73","2,338.75","1,798.25","1,36,296","25,21,11,142.75","16,552"
08-Aug-24,EQ,"1,878.00","1,911.00","1,840.00","1,865.45","1,848.50","1,844.95","1,869.35","2,338.75","1,798.25","1,41,615","26,47,28,396.50","17,917"
07-Aug-24,EQ,"1,844.00","1,878.00","1,822.20","1,808.65","1,870.00","1,865.45","1,847.40","2,338.75","1,798.25","82,415","15,22,53,362.35","12,422"
06-Aug-24,EQ,"1,874.65","1,953.45","1,798.25","1,859.55","1,814.95","1,808.65","1,845.54","2,338.75","1,798.25","2,48,225","45,81,09,533.90","29,071"
05-Aug-24,EQ,"1,892.00","1,915.15","1,851.50","1,947.10","1,864.80","1,859.55","1,876.26","2,338.75","1,800.05","2,05,008","38,46,48,035.30","29,650"
02-Aug-24,EQ,"1,999.50","2,009.15","1,935.00","2,023.75","1,955.00","1,947.10","1,972.84","2,338.75","1,800.05","1,94,042","38,28,13,658.30","19,197"
01-Aug-24,EQ,"2,025.00","2,092.25","2,016.00","2,047.15","2,022.90","2,023.75","2,045.45","2,338.75","1,800.05","1,76,773","36,15,80,969.50","19,222"
31-Jul-24,EQ,"2,121.00","2,158.00","1,994.10","2,104.45","2,028.15","2,047.15","2,107.77","2,338.75","1,800.05","4,78,101","1,00,77,28,711.65","42,861"
30-Jul-24,EQ,"2,105.50","2,140.20","2,075.25","2,088.55","2,107.60","2,104.45","2,114.75","2,338.75","1,800.05","1,72,004","36,37,45,394.30","19,570"
29-Jul-24,EQ,"2,050.85","2,095.45","2,034.50","2,025.55","2,087.00","2,088.55","2,068.19","2,338.75","1,798.25","1,72,772","35,73,25,006.85","17,643"
26-Jul-24,EQ,"2,019.00","2,073.00","2,002.00","2,004.85","2,038.00","2,025.55","2,041.00","2,338.75","1,798.25","1,08,018","22,04,64,267.80","11,172"
25-Jul-24,EQ,"1,985.05","2,025.00","1,952.00","1,991.30","2,005.00","2,004.85","2,001.60","2,338.75","1,761.10","1,31,211","26,26,31,655.45","12,110"
24-Jul-24,EQ,"1,946.00","2,036.60","1,945.00","1,941.50","2,000.00","1,991.30","2,013.13","2,338.75","1,761.10","3,71,611","74,81,00,727.00","30,096"
23-Jul-24,EQ,"2,013.45","2,013.45","1,882.10","1,988.50","1,945.00","1,941.50","1,966.88","2,338.75","1,761.10","1,61,868","31,83,75,070.45","20,378"
22-Jul-24,EQ,"1,946.55","1,997.30","1,918.45","1,947.80","1,990.00","1,988.50","1,969.46","2,338.75","1,761.10","1,34,888","26,56,57,130.65","18,710"
19-Jul-24,EQ,"2,029.90","2,044.00","1,926.10","2,032.85","1,949.05","1,947.80","1,963.80","2,338.75","1,761.10","3,92,374","77,05,45,172.40","42,260"
18-Jul-24,EQ,"2,088.10","2,101.45","2,021.75","2,086.45","2,042.00","2,032.85","2,050.09","2,338.75","1,761.10","1,49,275","30,60,26,837.55","17,823"
16-Jul-24,EQ,"2,122.80","2,141.00","2,071.50","2,118.45","2,095.00","2,086.45","2,107.25","2,338.75","1,761.10","1,72,623","36,37,59,169.85","16,987"
15-Jul-24,EQ,"2,142.10","2,159.40","2,100.00","2,123.00","2,119.00","2,118.45","2,130.31","2,338.75","1,761.10","1,31,320","27,97,51,926.70","15,951"
12-Jul-24,EQ,"2,214.00","2,229.70","2,029.95","2,212.30","2,135.00","2,123.00","2,157.80","2,338.75","1,761.10","2,33,370","50,35,66,807.75","20,544"
11-Jul-24,EQ,"2,239.40","2,246.20","2,201.25","2,231.45","2,218.45","2,212.30","2,216.88","2,338.75","1,761.10","1,57,048","34,81,56,524.05","13,004"
10-Jul-24,EQ,"2,295.00","2,311.00","2,186.40","2,286.70","2,233.00","2,231.45","2,240.86","2,338.75","1,761.10","4,38,251","98,20,61,301.35","32,342"
09-Jul-24,EQ,"2,245.90","2,338.75","2,238.70","2,231.80","2,298.00","2,286.70","2,290.13","2,338.75","1,761.10","6,88,270","1,57,62,26,132.95","43,189"
08-Jul-24,EQ,"2,158.00","2,319.75","2,130.70","2,149.60","2,238.65","2,231.80","2,257.78","2,319.75","1,761.10","12,63,222","2,85,20,77,199.85","92,697"
05-Jul-24,EQ,"2,166.90","2,198.00","2,125.30","2,148.90","2,146.80","2,149.60","2,156.56","2,277.00","1,759.95","2,33,214","50,29,39,611.95","19,416"
04-Jul-24,EQ,"2,153.05","2,168.00","2,136.20","2,143.20","2,136.20","2,148.90","2,151.84","2,277.00","1,706.05","1,63,588","35,20,14,489.10","14,287"
03-Jul-24,EQ,"2,168.00","2,178.05","2,124.40","2,158.50","2,142.00","2,143.20","2,145.82","2,277.00","1,706.05","1,84,122","39,50,93,253.10","15,430"
02-Jul-24,EQ,"2,214.90","2,220.85","2,145.05","2,197.30","2,156.00","2,158.50","2,176.32","2,277.00","1,682.05","3,20,792","69,81,47,629.10","22,298"
01-Jul-24,EQ,"2,052.00","2,277.00","2,052.00","2,051.30","2,200.25","2,197.30","2,206.99","2,277.00","1,675.00","17,09,284","3,77,23,78,185.85","1,09,661"
28-Jun-24,EQ,"2,088.00","2,088.00","2,045.00","2,068.85","2,045.00","2,051.30","2,059.06","2,255.00","1,675.00","1,01,857","20,97,29,778.80","9,634"
27-Jun-24,EQ,"2,122.50","2,126.95","2,043.85","2,122.50","2,067.00","2,068.85","2,077.93","2,255.00","1,675.00","1,92,861","40,07,51,924.00","15,973"
26-Jun-24,EQ,"2,155.00","2,193.00","2,107.00","2,148.00","2,117.00","2,122.50","2,145.76","2,255.00","1,675.00","2,90,506","62,33,57,281.80","22,005"
25-Jun-24,EQ,"2,099.00","2,206.80","2,071.20","2,063.50","2,148.20","2,148.00","2,149.49","2,255.00","1,675.00","11,74,612","2,52,48,17,196.35","69,810"
24-Jun-24,EQ,"2,038.00","2,085.00","2,014.95","2,038.15","2,058.00","2,063.50","2,062.98","2,255.00","1,675.00","2,69,785","55,65,60,115.65","22,533"
21-Jun-24,EQ,"2,020.05","2,069.95","2,004.20","2,009.10","2,028.00","2,038.15","2,039.15","2,255.00","1,675.00","1,99,984","40,77,97,819.05","18,492"
20-Jun-24,EQ,"2,039.95","2,048.75","2,004.00","2,033.80","2,009.05","2,009.10","2,021.56","2,255.00","1,675.00","1,30,060","26,29,24,672.60","12,901"
19-Jun-24,EQ,"2,070.00","2,070.00","2,028.50","2,063.85","2,031.00","2,033.80","2,042.19","2,255.00","1,675.00","1,18,518","24,20,36,760.75","10,609"
18-Jun-24,EQ,"2,070.00","2,092.75","2,049.90","2,062.75","2,058.90","2,063.85","2,065.77","2,255.00","1,675.00","1,87,181","38,66,73,585.40","16,392"
14-Jun-24,EQ,"2,072.75","2,099.00","2,030.50","2,062.35","2,056.00","2,062.75","2,072.52","2,255.00","1,675.00","2,29,655","47,59,63,600.20","20,698"
13-Jun-24,EQ,"2,084.00","2,085.00","2,045.10","2,076.95","2,061.00","2,062.35","2,064.24","2,255.00","1,675.00","1,55,006","31,99,69,152.60","13,426"
12-Jun-24,EQ,"2,080.00","2,099.20","2,070.00","2,082.70","2,077.75","2,076.95","2,082.84","2,255.00","1,675.00","2,12,244","44,20,71,024.90","15,785"
11-Jun-24,EQ,"2,100.10","2,119.90","2,050.00","2,043.65","2,070.15","2,082.70","2,082.44","2,255.00","1,675.00","6,85,297","1,42,70,91,247.05","41,374"
10-Jun-24,EQ,"2,030.00","2,098.00","1,973.00","2,024.75","2,098.00","2,043.65","2,018.36","2,255.00","1,675.00","6,43,702","1,29,92,25,230.00","38,911"
07-Jun-24,EQ,"2,151.00","2,255.00","2,007.90","2,147.60","2,018.00","2,024.75","2,087.10","2,255.00","1,675.00","15,91,824","3,32,23,00,477.85","81,966"
06-Jun-24,EQ,"2,019.95","2,183.00","2,010.00","1,979.45","2,146.50","2,147.60","2,131.41","2,190.00","1,675.00","5,95,525","1,26,93,10,120.10","49,052"
05-Jun-24,EQ,"1,950.00","1,995.00","1,870.00","1,939.60","1,975.00","1,979.45","1,946.76","2,190.00","1,675.00","2,11,881","41,24,80,809.40","19,671"
04-Jun-24,EQ,"2,093.00","2,093.00","1,800.05","2,094.05","1,940.00","1,939.60","1,962.20","2,190.00","1,675.00","4,40,880","86,50,96,870.85","41,653"
03-Jun-24,EQ,"2,190.00","2,190.00","2,080.00","2,091.55","2,098.00","2,094.05","2,108.69","2,190.00","1,665.00","2,83,014","59,67,87,657.00","24,361"
31-May-24,EQ,"2,039.75","2,109.00","1,985.00","2,039.75","2,080.00","2,091.55","2,051.26","2,148.90","1,665.00","4,64,466","95,27,42,504.80","35,233"
30-May-24,EQ,"2,080.00","2,110.60","2,031.70","2,081.20","2,041.00","2,039.75","2,065.79","2,148.90","1,665.00","2,48,402","51,31,46,844.35","17,104"
29-May-24,EQ,"2,124.15","2,124.80","2,056.25","2,117.15","2,078.00","2,081.20","2,084.41","2,148.90","1,665.00","3,55,229","74,04,41,881.60","24,395"
28-May-24,EQ,"2,140.00","2,148.90","2,057.00","2,117.20","2,115.00","2,117.15","2,110.62","2,148.90","1,665.00","9,88,458","2,08,62,55,074.90","52,392"
27-May-24,EQ,"1,980.00","2,142.60","1,967.40","1,966.40","2,128.00","2,117.20","2,096.35","2,142.60","1,665.00","25,07,476","5,25,65,54,406.45","1,18,346"
24-May-24,EQ,"1,920.90","2,045.40","1,916.05","1,901.90","1,965.00","1,966.40","1,993.19","2,113.95","1,665.00","11,49,682","2,29,15,38,392.40","64,400"
23-May-24,EQ,"1,940.00","1,969.90","1,883.10","1,921.30","1,920.00","1,901.90","1,935.06","2,157.90","1,665.00","2,96,727","57,41,85,459.60","26,123"
22-May-24,EQ,"1,810.00","1,936.60","1,802.70","1,807.60","1,934.20","1,921.30","1,904.04","2,218.00","1,665.00","9,00,477","1,71,45,43,703.05","59,413"
21-May-24,EQ,"1,833.50","1,837.35","1,804.00","1,833.05","1,805.05","1,807.60","1,814.70","2,218.00","1,665.00","1,10,134","19,98,60,384.10","12,259"
18-May-24,EQ,"1,833.05","1,841.70","1,826.00","1,833.45","1,837.00","1,833.05","1,833.08","2,230.00","1,665.00","23,655","4,33,61,526.85","2,387"
17-May-24,EQ,"1,848.60","1,854.95","1,824.00","1,839.70","1,832.50","1,833.45","1,838.27","2,250.70","1,665.00","67,057","12,32,69,132.00","8,237"
16-May-24,EQ,"1,852.10","1,864.95","1,828.00","1,832.25","1,836.00","1,839.70","1,843.67","2,318.80","1,665.00","83,989","15,48,48,387.55","10,200"
15-May-24,EQ,"1,824.85","1,855.00","1,820.00","1,814.90","1,826.00","1,832.25","1,838.17","2,318.80","1,665.00","89,216","16,39,94,035.95","11,589"
14-May-24,EQ,"1,816.70","1,833.90","1,798.25","1,814.10","1,815.00","1,814.90","1,814.79","2,318.80","1,665.00","98,640","17,90,10,444.35","12,733"
13-May-24,EQ,"1,895.00","1,895.00","1,801.05","1,876.35","1,815.00","1,814.10","1,825.95","2,319.20","1,665.00","1,16,813","21,32,94,671.80","14,664"
10-May-24,EQ,"1,815.00","1,893.85","1,761.10","1,802.60","1,876.20","1,876.35","1,836.25","2,414.25","1,665.00","1,56,199","28,68,20,608.20","22,555"
09-May-24,EQ,"1,895.00","1,895.00","1,790.00","1,874.60","1,804.00","1,802.60","1,836.90","2,414.25","1,665.00","1,16,233","21,35,08,941.65","15,592"
08-May-24,EQ,"1,850.10","1,911.00","1,810.00","1,846.70","1,875.00","1,874.60","1,862.51","2,428.35","1,665.00","1,24,779","23,24,02,533.40","16,789"
07-May-24,EQ,"1,935.00","1,935.00","1,839.00","1,920.15","1,841.00","1,846.70","1,868.10","2,428.35","1,665.00","1,33,434","24,92,68,362.10","18,202"
06-May-24,EQ,"1,975.00","1,984.00","1,890.85","1,967.65","1,907.65","1,920.15","1,923.60","2,428.35","1,665.00","1,64,795","31,70,00,068.00","20,012"
03-May-24,EQ,"2,050.00","2,050.00","1,923.45","1,959.80","1,958.00","1,967.65","1,981.70","2,428.35","1,665.00","6,48,318","1,28,47,72,173.15","47,625"
02-May-24,EQ,"1,924.70","1,990.00","1,901.35","1,904.50","1,955.00","1,959.80","1,961.38","2,428.35","1,665.00","4,61,470","90,51,19,304.15","34,850"
30-Apr-24,EQ,"1,926.40","1,945.00","1,895.00","1,907.50","1,900.10","1,904.50","1,925.02","2,428.35","1,665.00","2,88,794","55,59,34,529.75","23,965"
29-Apr-24,EQ,"1,850.00","1,920.00","1,819.40","1,780.85","1,910.00","1,907.50","1,879.02","2,428.35","1,665.00","5,89,627","1,10,79,21,028.80","40,903"
26-Apr-24,EQ,"1,821.40","1,821.60","1,775.00","1,821.40","1,783.00","1,780.85","1,787.32","2,428.35","1,665.00","1,03,082","18,42,40,939.35","11,081"
25-Apr-24,EQ,"1,824.00","1,840.90","1,814.05","1,821.25","1,823.90","1,821.40","1,825.14","2,428.35","1,665.00","89,122","16,26,60,554.05","7,665"
24-Apr-24,EQ,"1,780.50","1,840.00","1,778.00","1,771.30","1,820.00","1,821.25","1,817.05","2,428.35","1,665.00","1,93,975","35,24,63,073.55","23,323"
23-Apr-24,EQ,"1,778.95","1,790.05","1,765.00","1,766.40","1,772.00","1,771.30","1,775.73","2,428.35","1,665.00","61,942","10,99,92,356.35","6,563"
22-Apr-24,EQ,"1,761.00","1,794.80","1,759.95","1,747.70","1,766.00","1,766.40","1,777.18","2,428.35","1,665.00","1,08,634","19,30,61,910.90","11,387"
19-Apr-24,EQ,"1,715.05","1,760.90","1,706.05","1,758.85","1,743.80","1,747.70","1,736.30","2,428.35","1,665.00","71,353","12,38,90,554.60","9,716"
18-Apr-24,EQ,"1,773.20","1,796.00","1,751.25","1,744.30","1,763.15","1,758.85","1,769.74","2,428.35","1,665.00","1,30,913","23,16,82,584.25","13,408"
16-Apr-24,EQ,"1,711.00","1,773.65","1,682.05","1,711.40","1,748.00","1,744.30","1,745.87","2,428.35","1,665.00","92,570","16,16,15,611.55","13,740"
15-Apr-24,EQ,"1,708.55","1,739.00","1,675.00","1,757.90","1,720.00","1,711.40","1,713.54","2,428.35","1,665.00","1,25,810","21,55,80,429.35","19,049"
12-Apr-24,EQ,"1,762.50","1,789.25","1,751.05","1,753.85","1,762.00","1,757.90","1,771.35","2,428.35","1,665.00","1,02,790","18,20,77,000.50","10,383"
10-Apr-24,EQ,"1,778.95","1,780.45","1,708.45","1,770.20","1,754.50","1,753.85","1,740.70","2,428.35","1,665.00","1,84,358","32,09,11,791.35","17,347"
09-Apr-24,EQ,"1,759.60","1,795.00","1,759.60","1,750.10","1,775.00","1,770.20","1,780.41","2,428.35","1,665.00","1,23,830","22,04,68,770.40","12,220"
08-Apr-24,EQ,"1,792.80","1,798.00","1,745.55","1,772.65","1,757.00","1,750.10","1,754.95","2,428.35","1,665.00","1,75,093","30,72,79,352.40","17,474"
05-Apr-24,EQ,"1,780.05","1,799.30","1,765.00","1,790.30","1,771.00","1,772.65","1,775.65","2,428.35","1,665.00","2,29,920","40,82,57,009.25","19,705"
04-Apr-24,EQ,"1,814.65","1,832.95","1,765.00","1,789.65","1,788.00","1,790.30","1,785.53","2,428.35","1,665.00","2,91,628","52,07,10,864.65","21,351"
03-Apr-24,EQ,"1,805.00","1,810.00","1,786.20","1,801.95","1,792.00","1,789.65","1,793.40","2,428.35","1,665.00","2,27,866","40,86,54,886.30","17,508"
02-Apr-24,EQ,"1,847.00","1,852.00","1,797.10","1,839.80","1,810.00","1,801.95","1,815.05","2,428.35","1,665.00","2,36,384","42,90,48,764.20","20,522"
01-Apr-24,EQ,"1,824.00","1,866.95","1,824.00","1,804.15","1,842.00","1,839.80","1,842.22","2,428.35","1,665.00","1,46,750","27,03,45,200.10","13,138"
28-Mar-24,EQ,"1,803.95","1,862.95","1,795.65","1,770.60","1,809.00","1,804.15","1,830.87","2,428.35","1,665.00","3,18,457","58,30,54,083.85","28,397"
27-Mar-24,EQ,"1,808.00","1,858.15","1,760.00","1,794.20","1,776.00","1,770.60","1,800.90","2,428.35","1,665.00","5,58,875","1,00,64,76,463.85","40,697"
26-Mar-24,EQ,"1,850.05","1,850.05","1,786.00","1,869.85","1,798.00","1,794.20","1,807.34","2,428.35","1,665.00","3,35,857","60,70,09,355.05","37,265"
22-Mar-24,EQ,"1,873.85","1,904.90","1,865.05","1,869.25","1,869.05","1,869.85","1,875.01","2,428.35","1,665.00","1,48,116","27,77,18,392.80","14,017"
21-Mar-24,EQ,"1,890.00","1,969.80","1,862.00","1,856.10","1,870.00","1,869.25","1,907.40","2,428.35","1,665.00","2,73,565","52,17,97,696.80","31,032"
20-Mar-24,EQ,"1,928.00","1,961.25","1,850.00","1,896.80","1,855.00","1,856.10","1,888.49","2,428.35","1,664.90","2,51,295","47,45,67,095.25","24,978"
19-Mar-24,EQ,"1,880.00","2,065.45","1,867.55","1,875.70","1,903.90","1,896.80","1,973.14","2,428.35","1,660.00","6,47,293","1,27,72,02,729.75","57,351"
18-Mar-24,EQ,"1,892.00","1,902.95","1,860.25","1,892.00","1,872.00","1,875.70","1,878.41","2,428.35","1,652.50","71,814","13,48,96,338.35","7,405"
15-Mar-24,EQ,"1,876.10","1,934.95","1,850.00","1,866.75","1,888.90","1,892.00","1,891.80","2,428.35","1,629.05","2,00,381","37,90,80,385.45","21,654"
14-Mar-24,EQ,"1,679.95","1,944.00","1,665.00","1,709.90","1,870.05","1,866.75","1,856.72","2,428.35","1,490.15","3,50,234","65,02,87,223.85","43,670"
13-Mar-24,EQ,"1,798.35","1,837.45","1,685.00","1,792.50","1,706.30","1,709.90","1,738.73","2,428.35","1,415.00","2,15,207","37,41,87,536.55","31,623"
12-Mar-24,EQ,"1,820.00","1,895.00","1,750.00","1,803.60","1,794.05","1,792.50","1,805.09","2,428.35","1,390.00","2,44,997","44,22,41,547.60","35,078"
11-Mar-24,EQ,"1,916.75","1,921.05","1,779.00","1,897.80","1,820.00","1,803.60","1,850.29","2,428.35","1,390.00","1,57,391","29,12,18,737.80","19,899"
07-Mar-24,EQ,"1,902.30","1,988.25","1,890.00","1,902.25","1,894.00","1,897.80","1,934.54","2,428.35","1,390.00","1,83,174","35,43,57,726.35","22,358"
06-Mar-24,EQ,"2,004.80","2,006.10","1,890.00","2,002.40","1,908.65","1,902.25","1,932.55","2,428.35","1,390.00","1,64,059","31,70,51,475.65","21,596"
05-Mar-24,EQ,"2,087.95","2,113.95","1,991.00","2,089.00","1,999.80","2,002.40","2,040.46","2,428.35","1,352.50","1,80,694","36,86,98,741.55","18,458"
04-Mar-24,EQ,"2,154.90","2,157.90","2,076.00","2,147.10","2,089.00","2,089.00","2,118.12","2,428.35","1,349.45","1,35,632","28,72,84,527.65","15,768"
02-Mar-24,EQ,"2,150.00","2,218.00","2,131.00","2,143.10","2,140.00","2,147.10","2,155.85","2,428.35","1,349.45","30,967","6,67,60,097.95","3,223"
01-Mar-24,EQ,"2,184.60","2,200.85","2,129.00","2,166.90","2,130.00","2,143.10","2,166.48","2,428.35","1,349.45","1,24,089","26,88,36,134.10","12,889"
29-Feb-24,EQ,"2,175.85","2,230.00","2,112.80","2,175.90","2,179.85","2,166.90","2,155.84","2,428.35","1,349.45","3,39,877","73,27,21,309.00","31,546"
28-Feb-24,EQ,"2,250.70","2,250.70","2,155.00","2,250.70","2,188.00","2,175.90","2,195.85","2,428.35","1,349.45","1,21,675","26,71,80,210.75","14,942"
27-Feb-24,EQ,"2,195.00","2,318.80","2,187.05","2,188.30","2,252.15","2,250.70","2,276.71","2,428.35","1,349.45","2,91,731","66,41,86,507.20","31,487"
26-Feb-24,EQ,"2,200.95","2,235.95","2,179.80","2,204.95","2,183.00","2,188.30","2,200.66","2,428.35","1,349.45","1,10,346","24,28,34,347.00","12,551"
23-Feb-24,EQ,"2,236.50","2,318.80","2,190.00","2,226.90","2,198.00","2,204.95","2,234.96","2,428.35","1,293.00","2,99,525","66,94,25,181.80","29,197"
22-Feb-24,EQ,"2,317.00","2,319.20","2,210.00","2,310.25","2,222.00","2,226.90","2,238.97","2,428.35","1,275.10","3,94,250","88,27,12,026.40","37,314"
21-Feb-24,EQ,"2,300.00","2,414.25","2,272.00","2,289.50","2,309.00","2,310.25","2,336.00","2,428.35","1,252.00","3,68,326","86,04,09,054.45","32,833"
20-Feb-24,EQ,"2,304.00","2,354.40","2,263.90","2,381.75","2,293.00","2,289.50","2,302.75","2,428.35","1,248.50","2,67,436","61,58,38,303.75","27,503"
19-Feb-24,EQ,"2,054.00","2,428.35","2,054.00","2,023.65","2,340.00","2,381.75","2,278.71","2,428.35","1,248.50","10,97,472","2,50,08,24,694.55","78,399"
16-Feb-24,EQ,"2,024.00","2,060.00","2,011.00","2,007.05","2,028.00","2,023.65","2,034.07","2,208.00","1,242.10","61,096","12,42,73,621.15","7,814"
15-Feb-24,EQ,"2,024.60","2,047.20","1,993.30","2,004.80","2,007.65","2,007.05","2,013.34","2,208.00","1,240.00","60,461","12,17,28,423.25","7,551"
14-Feb-24,EQ,"2,000.00","2,039.95","1,983.05","2,014.45","2,000.00","2,004.80","2,014.57","2,208.00","1,232.00","65,845","13,26,49,072.20","8,380"
13-Feb-24,EQ,"2,099.85","2,099.85","1,863.45","2,066.75","2,008.00","2,014.45","1,979.01","2,208.00","1,232.00","2,21,545","43,84,40,326.35","24,984"
12-Feb-24,EQ,"2,045.00","2,208.00","2,025.00","2,013.45","2,098.10","2,066.75","2,118.74","2,208.00","1,232.00","4,93,017","1,04,45,75,855.30","47,779"
09-Feb-24,EQ,"1,979.30","2,048.00","1,938.05","1,979.30","2,008.00","2,013.45","2,001.64","2,050.50","1,232.00","2,04,376","40,90,86,604.95","21,650"
08-Feb-24,EQ,"2,015.00","2,015.45","1,973.40","2,002.40","1,978.45","1,979.30","1,988.30","2,050.50","1,232.00","53,529","10,64,31,894.95","7,057"
07-Feb-24,EQ,"2,048.20","2,050.50","1,991.40","2,028.25","2,002.00","2,002.40","2,020.75","2,050.50","1,232.00","69,820","14,10,88,852.85","9,318"
06-Feb-24,EQ,"2,000.00","2,050.00","1,973.00","1,972.95","2,029.00","2,028.25","2,023.66","2,050.00","1,232.00","1,75,627","35,54,08,606.40","19,382"
05-Feb-24,EQ,"1,987.60","2,032.00","1,952.95","1,948.65","1,974.00","1,972.95","1,992.98","2,048.00","1,189.00","1,46,004","29,09,83,020.05","17,475"
02-Feb-24,EQ,"2,007.00","2,048.00","1,935.00","1,968.00","1,956.00","1,948.65","2,001.58","2,048.00","1,189.00","2,22,849","44,60,49,007.35","24,279"
01-Feb-24,EQ,"1,927.60","2,010.00","1,920.05","1,916.70","1,963.00","1,968.00","1,972.91","2,010.00","1,189.00","3,41,763","67,42,66,667.55","30,654"
31-Jan-24,EQ,"1,949.00","1,977.20","1,880.00","1,900.40","1,914.00","1,916.70","1,930.44","2,006.80","1,189.00","2,78,059","53,67,75,242.70","26,424"
30-Jan-24,EQ,"1,916.00","1,924.00","1,886.75","1,900.10","1,896.00","1,900.40","1,902.93","2,006.80","1,180.50","50,460","9,60,21,961.00","6,756"
29-Jan-24,EQ,"1,876.95","1,946.00","1,855.25","1,849.35","1,910.00","1,900.10","1,921.30","2,006.80","1,180.50","1,51,152","29,04,08,052.85","15,203"
25-Jan-24,EQ,"1,866.70","1,883.00","1,805.00","1,850.70","1,840.00","1,849.35","1,859.10","2,006.80","1,178.00","44,314","8,23,84,306.30","5,927"
24-Jan-24,EQ,"1,788.05","1,888.00","1,771.40","1,801.65","1,863.90","1,850.70","1,846.75","2,006.80","1,178.00","1,00,742","18,60,45,790.50","11,334"
23-Jan-24,EQ,"1,873.00","1,882.95","1,790.00","1,872.70","1,801.20","1,801.65","1,828.04","2,006.80","1,178.00","99,578","18,20,32,113.05","16,279"
20-Jan-24,EQ,"1,921.85","1,921.85","1,869.70","1,896.15","1,871.90","1,872.70","1,885.78","2,006.80","1,178.00","54,240","10,22,84,837.60","7,010"
19-Jan-24,EQ,"1,905.00","1,941.80","1,879.60","1,889.65","1,902.00","1,896.15","1,911.84","2,006.80","1,178.00","99,399","19,00,34,724.55","13,066"
18-Jan-24,EQ,"1,917.80","1,929.65","1,764.70","1,915.70","1,895.60","1,889.65","1,861.28","2,006.80","1,175.55","1,60,203","29,81,81,981.85","18,913"
17-Jan-24,EQ,"1,850.00","1,967.95","1,826.00","1,857.95","1,920.00","1,915.70","1,903.55","2,006.80","1,175.55","1,98,844","37,85,09,362.40","20,873"
16-Jan-24,EQ,"1,833.00","1,892.95","1,820.00","1,823.95","1,866.65","1,857.95","1,854.52","2,006.80","1,175.55","1,63,902","30,39,59,122.65","19,572"
15-Jan-24,EQ,"1,897.00","1,897.00","1,779.35","1,879.30","1,834.70","1,823.95","1,830.94","2,006.80","1,175.55","1,29,982","23,79,89,730.95","16,858"
12-Jan-24,EQ,"1,927.85","1,937.40","1,870.00","1,935.95","1,881.80","1,879.30","1,893.53","2,006.80","1,175.55","1,60,621","30,41,40,298.20","16,960"
11-Jan-24,EQ,"1,948.00","2,006.80","1,910.05","1,930.60","1,927.90","1,935.95","1,955.45","2,006.80","1,160.00","3,58,824","70,16,62,109.80","30,226"
10-Jan-24,EQ,"1,899.00","1,965.00","1,850.00","1,900.70","1,929.00","1,930.60","1,915.06","1,965.15","1,113.35","4,34,148","83,14,18,275.85","39,188"
09-Jan-24,EQ,"1,900.95","1,965.15","1,884.75","1,884.55","1,899.00","1,900.70","1,925.72","1,965.15","1,113.35","3,60,077","69,34,06,176.20","31,303"
08-Jan-24,EQ,"1,719.00","1,924.45","1,719.00","1,698.90","1,894.10","1,884.55","1,842.31","1,924.45","1,113.35","10,81,504","1,99,24,61,619.75","89,319"
05-Jan-24,EQ,"1,690.00","1,744.00","1,664.90","1,681.45","1,701.65","1,698.90","1,707.77","1,744.80","1,113.35","3,15,586","53,89,49,074.65","27,157"
04-Jan-24,EQ,"1,680.00","1,719.90","1,660.00","1,672.80","1,677.50","1,681.45","1,691.81","1,744.80","1,113.35","1,92,407","32,55,16,988.20","18,823"
03-Jan-24,EQ,"1,743.25","1,744.80","1,652.50","1,721.50","1,674.00","1,672.80","1,683.03","1,744.80","1,113.35","2,46,834","41,54,29,993.70","25,870"
02-Jan-24,EQ,"1,645.00","1,735.00","1,629.05","1,619.35","1,733.50","1,721.50","1,693.98","1,735.00","1,113.35","7,41,322","1,25,57,86,846.55","56,867"
01-Jan-24,EQ,"1,498.00","1,667.00","1,490.15","1,464.20","1,623.80","1,619.35","1,614.44","1,667.00","1,113.35","9,71,472","1,56,83,81,941.25","71,902"
29-Dec-23,EQ,"1,420.00","1,464.20","1,415.00","1,394.50","1,464.20","1,464.20","1,450.79","1,475.00","1,113.35","2,03,088","29,46,37,216.75","7,471"
28-Dec-23,EQ,"1,420.00","1,434.60","1,390.00","1,419.85","1,394.20","1,394.50","1,402.83","1,475.00","1,113.35","44,843","6,29,07,123.35","3,976"
27-Dec-23,EQ,"1,440.00","1,460.00","1,413.00","1,440.10","1,419.70","1,419.85","1,425.29","1,475.00","1,113.35","46,426","6,61,70,481.70","3,918"
26-Dec-23,EQ,"1,473.95","1,473.95","1,411.85","1,439.10","1,442.95","1,440.10","1,437.74","1,475.00","1,113.35","97,144","13,96,67,594.70","7,352"
22-Dec-23,EQ,"1,425.00","1,475.00","1,420.00","1,407.15","1,438.00","1,439.10","1,448.13","1,475.00","1,113.35","1,30,002","18,82,59,852.70","9,565"
21-Dec-23,EQ,"1,384.00","1,430.30","1,352.50","1,383.65","1,410.00","1,407.15","1,405.21","1,472.65","1,113.35","70,710","9,93,62,343.40","5,684"
20-Dec-23,EQ,"1,420.00","1,472.65","1,349.45","1,402.55","1,384.00","1,383.65","1,438.74","1,472.65","1,113.35","3,05,361","43,93,36,584.00","15,770"
19-Dec-23,EQ,"1,409.30","1,410.00","1,389.95","1,398.20","1,401.40","1,402.55","1,400.47","1,446.00","1,113.35","51,176","7,16,70,304.95","6,048"
18-Dec-23,EQ,"1,409.35","1,420.00","1,395.00","1,409.35","1,398.00","1,398.20","1,406.87","1,446.00","1,113.35","48,217","6,78,34,979.25","5,832"
15-Dec-23,EQ,"1,410.00","1,425.00","1,390.80","1,395.50","1,420.45","1,409.35","1,407.01","1,446.00","1,113.35","69,569","9,78,84,228.30","5,218"
14-Dec-23,EQ,"1,413.05","1,430.00","1,388.00","1,399.70","1,404.00","1,395.50","1,411.53","1,446.00","1,113.35","61,237","8,64,37,817.45","6,194"
13-Dec-23,EQ,"1,426.00","1,446.00","1,360.00","1,411.55","1,391.00","1,399.70","1,410.98","1,446.00","1,113.35","1,88,620","26,61,38,122.80","12,605"
12-Dec-23,EQ,"1,379.00","1,411.55","1,350.00","1,344.35","1,411.55","1,411.55","1,387.86","1,415.00","1,113.35","2,02,717","28,13,43,455.85","10,048"
11-Dec-23,EQ,"1,315.00","1,344.35","1,293.00","1,280.35","1,344.35","1,344.35","1,333.36","1,448.95","1,113.35","1,23,940","16,52,56,359.75","4,885"
08-Dec-23,EQ,"1,296.00","1,314.85","1,275.10","1,286.45","1,280.95","1,280.35","1,298.06","1,457.95","1,113.35","68,284","8,86,36,898.75","5,835"
07-Dec-23,EQ,"1,260.00","1,295.00","1,252.00","1,255.75","1,285.60","1,286.45","1,275.30","1,479.00","1,113.35","55,807","7,11,70,568.20","4,426"
